DEN,E.Royal,2010,24.0,44.0,210.0,2.0,7.0,42.0,8.0,29.0,42.0,288.0,2.0,5.0,48.0,8.0
IND,D.Rhodes,2010,1.0,2.0,4.0,0.0,1.0,0.0,1.0,0.0,1.0,0.0,0.0,0.0,0.0,1.0
HOU,D.Ward,2010,3.0,3.0,31.0,0.0,0.0,0.0,3.0,4.0,8.0,30.0,0.0,0.0,0.0,4.0
SEA,D.Butler,2010,13.0,23.0,111.0,0.0,7.0,0.0,6.0,17.0,26.0,113.0,4.0,10.0,148.0,7.0
SEA,C.Whitehurst,2010,0.0,1.0,0.0,0.0,0.0,0.0,1,0.0,0.0,0.0,0.0,0.0,0.0,0.0
TB,M.Spurlock,2010,3.0,8.0,5.0,3.0,8.0,68.0,7.0,5.0,8.0,48.0,2.0,4.0,72.0,6.0
IND,P.Garcon,2010,42.0,54.0,385.0,2.0,14.0,48.0,8.0,17.0,31.0,191.0,6.0,15.0,175.0,6.0
GB,J.Nelson,2010,18.0,24.0,165.0,4.0,10.0,170.0,8.0,21.0,25.0,194.0,2.0,5.0,53.0,8.0
STL,M.Clayton,2010,16.0,29.0,140.0,3.0,4.0,106.0,3.0,2.0,4.0,13.0,0.0,1.0,0.0,2.0
MIN,B.Berrian,2010,19.0,27.0,152.0,1.0,7.0,20.0,7.0,7.0,13.0,50.0,1.0,3.0,30.0,5.0
ARI,R.Maui,2010,2.0,4.0,20.0,0.0,1.0,0.0,5.0,0.0,1.0,0.0,0.0,0.0,0.0,1.0
GB,G.Jennings,2010,31.0,41.0,312.0,10.0,16.0,397.0,8.0,28.0,43.0,357.0,7.0,18.0,199.0,8.0
SEA,J.Jones,2010,0.0,1.0,0.0,0.0,0.0,0.0,1,0.0,0.0,0.0,0.0,0.0,0.0,0.0
BUF,F.Jackson,2010,22.0,34.0,168.0,0.0,0.0,0.0,8.0,9.0,20.0,47.0,0.0,0.0,0.0,7.0
DET,M.Morris,2010,9.0,10.0,53.0,0.0,0.0,0.0,4.0,16.0,19.0,117.0,0.0,1.0,0.0,5.0
BUF,D.Lowery,2010,0.0,0.0,0.0,0.0,0.0,0.0,0.0,0.0,0.0,0.0,1.0,1.0,33.0,1
MIN,J.Dugan,2010,2.0,3.0,13.0,0.0,0.0,0.0,2.0,2.0,2.0,17.0,0.0,0.0,0.0,2.0
DET,B.Pettigrew,2010,30.0,45.0,272.0,1.0,2.0,24.0,8.0,35.0,55.0,338.0,4.0,6.0,82.0,8.0
CLE,B.Robiskie,2010,12.0,17.0,108.0,1.0,6.0,20.0,6.0,14.0,22.0,107.0,1.0,3.0,46.0,7.0
CLE,J.St,2010,0.0,0.0,0.0,0.0,0.0,0.0,0.0,0.0,1.0,0.0,0.0,0.0,0.0,1
DEN,D.Graham,2010,6.0,14.0,34.0,1.0,3.0,25.0,6.0,9.0,18.0,71.0,1.0,1.0,28.0,8.0
SD,V.Jackson,2010,5.0,8.0,62.0,1.0,1.0,58.0,2.0,4.0,8.0,45.0,3.0,5.0,62.0,2.0
NE,S.Morris,2010,2.0,4.0,12.0,0.0,0.0,0.0,2.0,5.0,8.0,65.0,0.0,0.0,0.0,6.0
TB,J.Stevens,2010,2.0,2.0,21.0,1.0,2.0,22.0,3.0,0.0,1.0,0.0,0.0,0.0,0.0,1.0
CLE,A.Smith,2010,1.0,1.0,6.0,0.0,0.0,0.0,1,0.0,0.0,0.0,0.0,0.0,0.0,0.0
DET,B.Johnson,2010,9.0,17.0,93.0,0.0,6.0,0.0,7.0,6.0,16.0,54.0,2.0,8.0,40.0,7.0
ARI,J.Wright,2010,5.0,9.0,34.0,0.0,0.0,0.0,4.0,3.0,7.0,8.0,0.0,0.0,0.0,2.0
BAL,D.Mason,2010,23.0,32.0,245.0,3.0,9.0,95.0,8.0,23.0,35.0,207.0,9.0,18.0,216.0,8.0
SD,R.Mc,2010,9.0,13.0,91.0,0.0,0.0,0.0,6.0,9.0,11.0,93.0,2.0,2.0,37.0,8.0
CHI,J.Knox,2010,18.0,31.0,236.0,11.0,18.0,283.0,8.0,14.0,25.0,156.0,5.0,11.0,186.0,8.0
STL,B.Bajema,2010,7.0,11.0,70.0,0.0,0.0,0.0,3.0,6.0,10.0,58.0,1.0,2.0,26.0,5.0
SF,T.Ginn,2010,6.0,14.0,60.0,1.0,4.0,37.0,7.0,3.0,7.0,25.0,1.0,7.0,19.0,6.0
DET,C.Johnson,2010,19.0,34.0,227.0,7.0,21.0,182.0,7.0,42.0,54.0,461.0,8.0,19.0,234.0,8.0
HOU,J.Dreessen,2010,9.0,18.0,71.0,3.0,3.0,83.0,7.0,20.0,29.0,240.0,3.0,3.0,95.0,7.0
CHI,C.Taylor,2010,10.0,15.0,74.0,0.0,0.0,0.0,6.0,10.0,11.0,65.0,0.0,0.0,0.0,4.0
OAK,Y.Figurs,2010,0.0,0.0,0.0,0.0,0.0,0.0,0.0,2.0,2.0,17.0,0.0,0.0,0.0,1
TEN,J.Cook,2010,11.0,13.0,104.0,1.0,2.0,27.0,7.0,13.0,23.0,122.0,3.0,4.0,80.0,4.0
KC,T.Jones,2010,7.0,11.0,58.0,0.0,1.0,0.0,6.0,7.0,8.0,64.0,0.0,0.0,0.0,5.0
NE,F.Taylor,2010,2.0,2.0,6.0,0.0,0.0,0.0,1.0,0.0,1.0,0.0,0.0,0.0,0.0,1.0
CLE,B.Watson,2010,32.0,47.0,332.0,1.0,8.0,17.0,8.0,26.0,30.0,245.0,5.0,7.0,105.0,7.0
NE,M.Slater,2010,0.0,0.0,0.0,0.0,1.0,0.0,1,0.0,0.0,0.0,0.0,0.0,0.0,0.0
ARI,Derek Anderson,2010,0.0,0.0,0.0,0.0,0.0,0.0,0.0,1.0,1.0,37.0,0.0,0.0,0.0,1
CAR,D.Thomas,2010,0.0,1.0,0.0,0.0,0.0,0.0,1,0.0,0.0,0.0,0.0,0.0,0.0,0.0
DEN,R.Quinn,2010,0.0,0.0,0.0,0.0,0.0,0.0,0.0,1.0,1.0,9.0,0.0,0.0,0.0,1
MIA,R.Brown,2010,20.0,23.0,131.0,0.0,1.0,0.0,8.0,13.0,20.0,111.0,0.0,0.0,0.0,7.0
TB,K.Winslow,2010,36.0,46.0,319.0,2.0,7.0,41.0,8.0,22.0,35.0,206.0,5.0,7.0,146.0,8.0
CAR,T.Fiammetta,2010,1.0,5.0,2.0,0.0,0.0,0.0,3.0,4.0,4.0,32.0,0.0,0.0,0.0,3.0
CHI,D.Hester,2010,16.0,23.0,180.0,2.0,11.0,44.0,8.0,17.0,26.0,193.0,0.0,5.0,0.0,8.0
TB,C.Williams,2010,28.0,32.0,213.0,0.0,1.0,0.0,8.0,15.0,27.0,125.0,0.0,0.0,0.0,7.0
JAC,M.Lewis,2010,27.0,35.0,302.0,1.0,2.0,18.0,8.0,24.0,37.0,215.0,6.0,10.0,165.0,8.0
SD,M.Tolbert,2010,15.0,17.0,106.0,1.0,1.0,28.0,8.0,8.0,10.0,58.0,0.0,0.0,0.0,4.0
KC,D.Bowe,2010,18.0,25.0,204.0,5.0,20.0,171.0,8.0,29.0,55.0,315.0,14.0,24.0,297.0,8.0
PIT,H.Miller,2010,17.0,25.0,206.0,3.0,6.0,73.0,6.0,19.0,27.0,184.0,2.0,6.0,47.0,8.0
SD,M.Floyd,2010,8.0,14.0,99.0,7.0,13.0,179.0,5.0,11.0,23.0,123.0,10.0,22.0,307.0,6.0
ATL,J.Peelle,2010,4.0,7.0,46.0,0.0,0.0,0.0,4.0,4.0,6.0,39.0,0.0,0.0,0.0,4.0
IND,J.James,2010,5.0,6.0,39.0,0.0,0.0,0.0,2.0,3.0,4.0,19.0,0.0,0.0,0.0,2.0
STL,D.Alexander,2010,8.0,10.0,87.0,1.0,3.0,38.0,3.0,7.0,13.0,52.0,2.0,5.0,69.0,5.0
WAS,R.Torain,2010,8.0,10.0,54.0,0.0,0.0,0.0,4.0,10.0,16.0,71.0,0.0,0.0,0.0,5.0
PIT,S A,2010,1.0,1.0,45.0,0.0,0.0,0.0,1,0.0,0.0,0.0,0.0,0.0,0.0,0.0
PIT,R.Mendenhall,2010,11.0,16.0,71.0,0.0,0.0,0.0,8.0,10.0,16.0,91.0,0.0,0.0,0.0,7.0
DEN,Darcel Mc,2010,0.0,0.0,0.0,0.0,0.0,0.0,0.0,1.0,1.0,31.0,0.0,0.0,0.0,1
SEA,M.Robinson,2010,6.0,6.0,26.0,0.0,0.0,0.0,4.0,2.0,4.0,11.0,0.0,2.0,0.0,4.0
ARI,B.Patrick,2010,8.0,9.0,70.0,0.0,1.0,0.0,5.0,7.0,7.0,53.0,0.0,1.0,0.0,4.0
NYG,T.Beckum,2010,8.0,9.0,51.0,2.0,2.0,54.0,7.0,3.0,4.0,11.0,0.0,2.0,0.0,6.0
KC,M.Cox,2010,1.0,1.0,13.0,0.0,0.0,0.0,1.0,3.0,3.0,14.0,0.0,0.0,0.0,3.0
SD,K.Sperry,2010,3.0,3.0,56.0,0.0,0.0,0.0,2.0,1.0,1.0,17.0,0.0,0.0,0.0,1.0
TEN,R.Moss,2010,1.0,4.0,13.0,0.0,2.0,0.0,2.0,3.0,5.0,23.0,1.0,3.0,26.0,2.0
JAC,T.Underwood,2010,3.0,10.0,24.0,2.0,4.0,44.0,5.0,1.0,1.0,10.0,1.0,2.0,20.0,2.0
JAC,Z.Potter,2010,2.0,3.0,14.0,0.0,0.0,0.0,1.0,1.0,4.0,10.0,0.0,0.0,0.0,4.0
MIN,N.Tahi,2010,1.0,1.0,10.0,0.0,0.0,0.0,1.0,5.0,5.0,35.0,0.0,0.0,0.0,4.0
CAR,Illegal Formation,2010,0.0,1.0,0.0,0.0,0.0,0.0,1,0.0,0.0,0.0,0.0,0.0,0.0,0.0
TB,S.Stroughter,2010,16.0,25.0,123.0,3.0,4.0,64.0,6.0,6.0,8.0,61.0,0.0,2.0,0.0,5.0
NO,J.Evans,2010,0.0,1.0,0.0,0.0,0.0,0.0,1,0.0,0.0,0.0,0.0,0.0,0.0,0.0
PIT,M.Stroud,2010,0.0,0.0,0.0,0.0,0.0,0.0,0.0,0.0,1.0,0.0,0.0,0.0,0.0,1
SF,Del.Walker,2010,11.0,14.0,117.0,3.0,4.0,101.0,4.0,7.0,11.0,58.0,0.0,1.0,0.0,5.0
BUF,Steve Johnson,2010,0.0,0.0,0.0,0.0,0.0,0.0,0.0,0.0,0.0,0.0,1.0,1.0,33.0,1
GB,B.Swain,2010,1.0,2.0,2.0,0.0,1.0,0.0,1.0,4.0,4.0,39.0,0.0,1.0,0.0,5.0
SF,K.Williams,2010,1.0,1.0,8.0,0.0,0.0,0.0,1,0.0,0.0,0.0,0.0,0.0,0.0,0.0
CIN,C.Pressley,2010,0.0,0.0,0.0,0.0,0.0,0.0,0.0,1.0,1.0,6.0,0.0,0.0,0.0,1
CLE,P.Hillis,2010,23.0,29.0,188.0,1.0,1.0,29.0,8.0,36.0,46.0,249.0,0.0,0.0,0.0,8.0
WAS,D.Young,2010,1.0,1.0,3.0,0.0,0.0,0.0,1,0.0,0.0,0.0,0.0,0.0,0.0,0.0
KC,M.Vrabel,2010,0.0,1.0,0.0,0.0,0.0,0.0,1.0,1.0,1.0,2.0,0.0,0.0,0.0,1.0
WAS,B.James,2010,0.0,0.0,0.0,0.0,0.0,0.0,0.0,0.0,1.0,0.0,0.0,0.0,0.0,1
CLE,J.Harrison,2010,2.0,2.0,30.0,0.0,0.0,0.0,1.0,1.0,1.0,7.0,0.0,0.0,0.0,1.0
PIT,H.Ward,2010,18.0,28.0,146.0,11.0,16.0,245.0,7.0,22.0,35.0,190.0,8.0,12.0,175.0,8.0
PIT,A.Brown,2010,7.0,9.0,52.0,2.0,2.0,37.0,5.0,6.0,6.0,70.0,0.0,0.0,0.0,2.0
SD,P.Crayton,2010,10.0,15.0,131.0,3.0,4.0,87.0,4.0,8.0,9.0,167.0,4.0,9.0,87.0,4.0
TB,J.Gilmore,2010,7.0,8.0,72.0,0.0,0.0,0.0,4.0,6.0,10.0,88.0,0.0,0.0,0.0,5.0
BAL,E.Dickson,2010,6.0,9.0,59.0,1.0,5.0,58.0,5.0,4.0,9.0,35.0,0.0,0.0,0.0,7.0
TB,M.Stovall,2010,3.0,3.0,12.0,0.0,0.0,0.0,1.0,3.0,5.0,31.0,1.0,1.0,38.0,3.0
MIA,A.Fasano,2010,20.0,31.0,229.0,4.0,4.0,95.0,8.0,13.0,20.0,152.0,1.0,3.0,21.0,7.0
GB,A.Quarless,2010,6.0,6.0,64.0,0.0,3.0,0.0,5.0,15.0,22.0,174.0,0.0,2.0,0.0,7.0
WAS,R.Williams,2010,3.0,6.0,62.0,0.0,1.0,0.0,6.0,5.0,10.0,47.0,0.0,1.0,0.0,4.0
WAS,B.Banks,2010,0.0,1.0,0.0,0.0,1.0,0.0,2.0,2.0,2.0,10.0,0.0,1.0,0.0,3.0
IND,B.James,2010,5.0,8.0,23.0,1.0,2.0,17.0,2,0.0,0.0,0.0,0.0,0.0,0.0,0.0
DET,B.Clark,2010,0.0,0.0,0.0,0.0,0.0,0.0,0.0,0.0,1.0,0.0,0.0,0.0,0.0,1
SF,F.Gore,2010,18.0,32.0,135.0,1.0,1.0,23.0,6.0,24.0,34.0,242.0,0.0,0.0,0.0,5.0
JAC,E.Wilford,2010,0.0,1.0,0.0,0.0,0.0,0.0,1.0,1.0,1.0,3.0,0.0,0.0,0.0,1.0
CAR,D.Williams,2010,10.0,12.0,47.0,0.0,0.0,0.0,3.0,1.0,1.0,14.0,0.0,0.0,0.0,1.0
NO,D.Brees,2010,1.0,1.0,0.0,1.0,1.0,3.0,2.0,1.0,1.0,7.0,0.0,0.0,0.0,1.0
BUF,D.Martin,2010,3.0,3.0,28.0,0.0,0.0,0.0,3.0,4.0,5.0,15.0,0.0,0.0,0.0,3.0
NYG,D.Hagan,2010,11.0,13.0,105.0,1.0,3.0,17.0,3.0,10.0,17.0,83.0,1.0,4.0,17.0,4.0
NYG,D.Ware,2010,2.0,2.0,10.0,0.0,0.0,0.0,2.0,5.0,6.0,57.0,0.0,1.0,0.0,4.0
MIN,L.Booker,2010,3.0,3.0,22.0,0.0,0.0,0.0,2.0,2.0,2.0,12.0,0.0,1.0,0.0,2.0
BAL,D.Reed,2010,0.0,1.0,0.0,0.0,0.0,0.0,1,0.0,0.0,0.0,0.0,0.0,0.0,0.0
NE,A.Hernandez,2010,18.0,25.0,232.0,2.0,3.0,55.0,7.0,23.0,32.0,245.0,1.0,3.0,24.0,7.0
NO,T.Humphrey,2010,1.0,1.0,12.0,0.0,1.0,0.0,2,0.0,0.0,0.0,0.0,0.0,0.0,0.0
DAL,D.Bryant,2010,14.0,23.0,118.0,4.0,9.0,93.0,6.0,20.0,26.0,182.0,4.0,9.0,147.0,6.0
PIT,D.Johnson,2010,0.0,1.0,0.0,0.0,0.0,0.0,1.0,4.0,5.0,46.0,0.0,0.0,0.0,3.0
DEN,B.Lloyd,2010,14.0,34.0,154.0,17.0,31.0,479.0,8.0,25.0,52.0,254.0,15.0,27.0,423.0,8.0
CLE,S.Wallace,2010,0.0,0.0,0.0,0.0,0.0,0.0,0.0,1.0,1.0,9.0,0.0,0.0,0.0,1
SEA,M.Lynch,2010,5.0,5.0,49.0,0.0,0.0,0.0,4.0,15.0,19.0,86.0,0.0,0.0,0.0,5.0
BAL,A.Boldin,2010,21.0,33.0,208.0,7.0,17.0,218.0,8.0,31.0,45.0,285.0,5.0,8.0,126.0,8.0
BAL,C.Williams,2010,1.0,1.0,13.0,0.0,0.0,0.0,1,0.0,0.0,0.0,0.0,0.0,0.0,0.0
DAL,S.Hurd,2010,10.0,16.0,82.0,0.0,2.0,0.0,6.0,4.0,4.0,38.0,0.0,1.0,0.0,4.0
PHI,B.Celek,2010,21.0,30.0,211.0,1.0,5.0,27.0,6.0,16.0,31.0,138.0,3.0,10.0,116.0,8.0
HOU,J.Casey,2010,3.0,5.0,15.0,1.0,2.0,33.0,2.0,4.0,7.0,50.0,0.0,0.0,0.0,4.0
STL,D.Johnson,2010,0.0,1.0,0.0,0.0,0.0,0.0,1.0,0.0,1.0,0.0,0.0,0.0,0.0,1.0
CLE,L.Vickers,2010,1.0,4.0,10.0,0.0,0.0,0.0,3.0,3.0,5.0,5.0,0.0,0.0,0.0,3.0
WAS,C.Cooley,2010,33.0,55.0,326.0,3.0,3.0,71.0,8.0,34.0,55.0,317.0,4.0,8.0,101.0,8.0
MIA,R.Williams,2010,16.0,22.0,137.0,0.0,0.0,0.0,8.0,3.0,7.0,4.0,0.0,0.0,0.0,6.0
PIT,A.Battle,2010,0.0,1.0,0.0,0.0,1.0,0.0,2,0.0,0.0,0.0,0.0,0.0,0.0,0.0
NO,Z.Strief,2010,0.0,1.0,0.0,0.0,0.0,0.0,1,0.0,0.0,0.0,0.0,0.0,0.0,0.0
PIT,M.Spaeth,2010,5.0,11.0,39.0,0.0,2.0,0.0,4.0,3.0,3.0,33.0,0.0,1.0,0.0,3.0
NO,R.Bush,2010,14.0,19.0,90.0,1.0,1.0,20.0,3.0,19.0,22.0,98.0,0.0,0.0,0.0,5.0
PHI,O.Schmitt,2010,9.0,11.0,76.0,0.0,0.0,0.0,6.0,10.0,13.0,60.0,0.0,0.0,0.0,7.0
MIN,T.Gerhart,2010,10.0,14.0,67.0,0.0,0.0,0.0,6.0,12.0,14.0,107.0,0.0,0.0,0.0,6.0
ATL,A.Smith,2010,0.0,0.0,0.0,0.0,0.0,0.0,0.0,0.0,1.0,0.0,0.0,0.0,0.0,1
SD,K.Wilson,2010,1.0,2.0,11.0,0.0,0.0,0.0,2.0,5.0,7.0,64.0,0.0,0.0,0.0,4.0
SD,S.Ajirotutu,2010,5.0,8.0,79.0,1.0,4.0,20.0,3.0,3.0,5.0,44.0,3.0,3.0,100.0,3.0
DET,D.Stanton,2010,0.0,0.0,0.0,0.0,0.0,0.0,0.0,0.0,1.0,0.0,0.0,0.0,0.0,1
SEA,G.Tate,2010,9.0,14.0,70.0,0.0,1.0,0.0,5.0,10.0,15.0,81.0,2.0,8.0,76.0,6.0
CLE,C.Mitchell,2010,0.0,1.0,0.0,0.0,0.0,0.0,1,0.0,0.0,0.0,0.0,0.0,0.0,0.0
SD,L.Naanee,2010,3.0,8.0,32.0,0.0,0.0,0.0,3.0,12.0,24.0,146.0,8.0,12.0,193.0,5.0
BAL,T.Heap,2010,12.0,20.0,169.0,3.0,5.0,113.0,7.0,18.0,26.0,178.0,5.0,10.0,104.0,6.0
WAS,C.Portis,2010,1.0,4.0,1.0,0.0,0.0,0.0,2.0,4.0,5.0,54.0,0.0,0.0,0.0,3.0
SEA,M.Gibson,2010,0.0,0.0,0.0,0.0,0.0,0.0,0.0,1.0,1.0,-2.0,0.0,0.0,0.0,1
DET,K.Smith,2010,4.0,6.0,60.0,0.0,0.0,0.0,3.0,7.0,10.0,63.0,0.0,0.0,0.0,3.0
CLE,S.Aiken,2010,1.0,1.0,7.0,0.0,0.0,0.0,1,0.0,0.0,0.0,0.0,0.0,0.0,0.0
ATL,G.Johnson,2010,2.0,2.0,-4.0,0.0,0.0,0.0,2.0,0.0,2.0,0.0,0.0,0.0,0.0,2.0
PHI,G.Mills,2010,0.0,0.0,0.0,0.0,0.0,0.0,0.0,2.0,3.0,19.0,0.0,0.0,0.0,3
JAC,D.Karim,2010,2.0,4.0,9.0,0.0,0.0,0.0,1.0,1.0,3.0,1.0,0.0,0.0,0.0,1.0
HOU,J.Jones,2010,26.0,36.0,284.0,1.0,3.0,17.0,7.0,21.0,33.0,220.0,1.0,4.0,34.0,8.0
PIT,E.Sanders,2010,16.0,22.0,137.0,4.0,11.0,108.0,6.0,5.0,9.0,66.0,3.0,7.0,65.0,5.0
SF,D.Zeigler,2010,3.0,3.0,20.0,1.0,4.0,20.0,5.0,4.0,5.0,39.0,1.0,3.0,19.0,3.0
GB,K.Hall,2010,1.0,1.0,9.0,0.0,0.0,0.0,1,0.0,0.0,0.0,0.0,0.0,0.0,0.0
CIN,C.Peerman,2010,0.0,1.0,0.0,0.0,0.0,0.0,1.0,1.0,2.0,11.0,0.0,0.0,0.0,1.0
WAS,T.Austin,2010,1.0,2.0,13.0,1.0,1.0,28.0,1.0,1.0,1.0,6.0,0.0,1.0,0.0,1.0
CIN,Be.Scott,2010,0.0,0.0,0.0,0.0,0.0,0.0,0.0,3.0,4.0,15.0,0.0,0.0,0.0,1
HOU,A.Foster,2010,32.0,41.0,235.0,0.0,0.0,0.0,8.0,34.0,41.0,369.0,0.0,0.0,0.0,8.0
BUF,C.Spiller,2010,8.0,13.0,33.0,1.0,2.0,41.0,5.0,15.0,16.0,83.0,0.0,1.0,0.0,5.0
CAR,J.Stewart,2010,3.0,8.0,9.0,0.0,0.0,0.0,6.0,3.0,3.0,24.0,1.0,1.0,55.0,4.0
SF,D.Walker,2010,1.0,5.0,7.0,0.0,0.0,0.0,2.0,6.0,8.0,31.0,0.0,1.0,0.0,2.0
DAL,K.Ogletree,2010,2.0,3.0,15.0,0.0,1.0,0.0,1.0,0.0,1.0,0.0,0.0,0.0,0.0,1.0
IND,A.Collie,2010,15.0,17.0,112.0,2.0,3.0,48.0,3.0,36.0,39.0,296.0,4.0,10.0,161.0,6.0
KC,M.Cassel,2010,0.0,0.0,0.0,1.0,1.0,45.0,1,0.0,0.0,0.0,0.0,0.0,0.0,0.0
CIN,B.Scott,2010,2.0,3.0,-7.0,0.0,0.0,0.0,3.0,6.0,6.0,52.0,0.0,0.0,0.0,2.0
PHI,J.Maclin,2010,26.0,36.0,239.0,9.0,16.0,279.0,8.0,27.0,42.0,241.0,5.0,15.0,141.0,8.0
OAK,C.Schilens,2010,2.0,2.0,16.0,0.0,0.0,0.0,1.0,3.0,4.0,24.0,0.0,2.0,0.0,2.0
MIA,L.Hilliard,2010,1.0,2.0,3.0,0.0,0.0,0.0,2,0.0,0.0,0.0,0.0,0.0,0.0,0.0
DET,A.Brown,2010,6.0,11.0,39.0,0.0,0.0,0.0,2.0,2.0,2.0,6.0,0.0,0.0,0.0,1.0
NYG,K.Boss,2010,14.0,28.0,208.0,6.0,10.0,171.0,8.0,10.0,21.0,70.0,3.0,7.0,66.0,7.0
OAK,K.Barnes,2010,2.0,2.0,8.0,0.0,0.0,0.0,2,0.0,0.0,0.0,0.0,0.0,0.0,0.0
GB,D.Lee,2010,7.0,7.0,46.0,0.0,0.0,0.0,5.0,4.0,5.0,27.0,0.0,0.0,0.0,3.0
NYG,B.Pascoe,2010,4.0,5.0,31.0,0.0,0.0,0.0,2.0,5.0,7.0,41.0,0.0,0.0,0.0,5.0
MIN,S.Rice,2010,10.0,17.0,106.0,3.0,12.0,85.0,4.0,1.0,3.0,20.0,0.0,4.0,0.0,2.0
NO,L.Moore,2010,36.0,49.0,314.0,4.0,4.0,158.0,8.0,22.0,30.0,183.0,3.0,6.0,93.0,7.0
HOU,V.Leach,2010,3.0,7.0,30.0,0.0,0.0,0.0,5.0,4.0,7.0,48.0,0.0,0.0,0.0,4.0
SEA,M.Williams,2010,27.0,38.0,253.0,2.0,12.0,33.0,6.0,26.0,41.0,233.0,7.0,11.0,207.0,7.0
STL,K.Darby,2010,6.0,8.0,31.0,0.0,0.0,0.0,5.0,4.0,5.0,30.0,0.0,0.0,0.0,5.0
KC,T.Moeaki,2010,18.0,28.0,211.0,4.0,6.0,67.0,7.0,21.0,27.0,231.0,1.0,5.0,23.0,8.0
JAC,M.Thomas,2010,32.0,40.0,354.0,8.0,17.0,209.0,8.0,22.0,32.0,183.0,3.0,7.0,84.0,8.0
CHI,M.Forte,2010,22.0,32.0,208.0,2.0,4.0,52.0,8.0,24.0,27.0,167.0,1.0,3.0,40.0,8.0
OAK,N.Miller,2010,0.0,0.0,0.0,0.0,1.0,0.0,1.0,2.0,2.0,8.0,1.0,1.0,32.0,2.0
SD,D.Sproles,2010,33.0,39.0,317.0,0.0,1.0,0.0,7.0,25.0,34.0,190.0,0.0,0.0,0.0,8.0
NYJ,J.Mc,2010,3.0,3.0,20.0,0.0,0.0,0.0,2,0.0,0.0,0.0,0.0,0.0,0.0,0.0
DET,T.Scheffler,2010,15.0,23.0,123.0,0.0,1.0,0.0,7.0,28.0,40.0,223.0,1.0,3.0,25.0,8.0
ARI,S.Williams,2010,2.0,4.0,17.0,0.0,0.0,0.0,2.0,4.0,12.0,41.0,1.0,4.0,17.0,4.0
NYG,M.Hedgecock,2010,1.0,1.0,1.0,0.0,0.0,0.0,1,0.0,0.0,0.0,0.0,0.0,0.0,0.0
NO,D.Henderson,2010,13.0,20.0,131.0,1.0,8.0,23.0,8.0,13.0,18.0,118.0,3.0,7.0,122.0,8.0
DAL,M.Bennett,2010,17.0,23.0,118.0,0.0,0.0,0.0,7.0,16.0,23.0,144.0,0.0,0.0,0.0,8.0
SEA,C.Morrah,2010,6.0,8.0,64.0,1.0,5.0,36.0,6.0,2.0,5.0,17.0,0.0,0.0,0.0,2.0
BAL,T.Houshmandzadeh,2010,13.0,18.0,120.0,2.0,6.0,40.0,8.0,11.0,21.0,104.0,5.0,11.0,145.0,8.0
PIT,I.Redman,2010,4.0,4.0,30.0,0.0,0.0,0.0,4.0,5.0,6.0,42.0,0.0,0.0,0.0,4.0
BUF,N.Roosevelt,2010,3.0,5.0,44.0,1.0,2.0,30.0,1.0,4.0,7.0,41.0,1.0,2.0,24.0,2.0
DEN,E.Decker,2010,3.0,4.0,32.0,1.0,2.0,38.0,3.0,0.0,0.0,0.0,1.0,1.0,28.0,1.0
KC,J.O,2010,1.0,2.0,6.0,0.0,0.0,0.0,2.0,1.0,1.0,7.0,0.0,0.0,0.0,1.0
GB,Q.Johnson,2010,1.0,1.0,11.0,0.0,0.0,0.0,1.0,2.0,3.0,15.0,0.0,0.0,0.0,2.0
SD,K.Washington,2010,4.0,4.0,57.0,1.0,1.0,20.0,3.0,7.0,7.0,60.0,0.0,1.0,0.0,2.0
CIN,Q.Cosby,2010,2.0,2.0,16.0,0.0,0.0,0.0,2,0.0,0.0,0.0,0.0,0.0,0.0,0.0
CAR,D.Clowney,2010,2.0,4.0,14.0,0.0,1.0,0.0,3.0,1.0,3.0,25.0,2.0,3.0,56.0,2.0
BAL,R.Rice,2010,29.0,37.0,279.0,0.0,1.0,0.0,8.0,32.0,41.0,253.0,1.0,1.0,18.0,8.0
MIN,A.Peterson,2010,16.0,24.0,151.0,0.0,0.0,0.0,5.0,18.0,23.0,167.0,1.0,1.0,25.0,8.0
NYG,A.Bradshaw,2010,24.0,29.0,189.0,0.0,0.0,0.0,8.0,21.0,25.0,130.0,0.0,0.0,0.0,8.0
CAR,D.Gettis,2010,18.0,27.0,136.0,7.0,12.0,239.0,8.0,9.0,19.0,78.0,3.0,5.0,55.0,6.0
IND,R.Wayne,2010,46.0,64.0,402.0,6.0,22.0,169.0,8.0,45.0,59.0,425.0,11.0,23.0,309.0,8.0
BUF,T.Banta,2010,0.0,0.0,0.0,1.0,1.0,16.0,1,0.0,0.0,0.0,0.0,0.0,0.0,0.0
CAR,M.Goodson,2010,18.0,26.0,157.0,0.0,0.0,0.0,7.0,20.0,26.0,136.0,0.0,1.0,0.0,6.0
JAC,R.Jennings,2010,9.0,11.0,65.0,0.0,1.0,0.0,6.0,17.0,22.0,157.0,0.0,0.0,0.0,4.0
NE,R.Moss,2010,6.0,7.0,66.0,1.0,3.0,35.0,2.0,1.0,5.0,4.0,1.0,4.0,34.0,2.0
DAL,M.Barber,2010,4.0,6.0,30.0,0.0,0.0,0.0,4.0,7.0,9.0,19.0,0.0,0.0,0.0,4.0
TEN,N.Washington,2010,17.0,28.0,151.0,8.0,15.0,245.0,8.0,13.0,28.0,141.0,4.0,16.0,150.0,8.0
NYJ,D.Keller,2010,16.0,38.0,116.0,5.0,6.0,140.0,7.0,26.0,43.0,253.0,6.0,9.0,154.0,8.0
SEA,B.Stokley,2010,12.0,15.0,123.0,1.0,2.0,22.0,5.0,17.0,19.0,173.0,1.0,3.0,36.0,6.0
TB,E.Lorig,2010,0.0,0.0,0.0,0.0,0.0,0.0,0.0,1.0,2.0,10.0,0.0,0.0,0.0,2
ARI,E.Doucet,2010,14.0,29.0,119.0,3.0,6.0,68.0,5.0,6.0,18.0,40.0,2.0,3.0,53.0,5.0
BUF,D.Jones,2010,10.0,21.0,73.0,1.0,5.0,40.0,5.0,5.0,9.0,53.0,2.0,3.0,47.0,3.0
DEN,J.Gaffney,2010,27.0,40.0,301.0,6.0,14.0,163.0,8.0,19.0,35.0,144.0,10.0,16.0,212.0,8.0
NO,P.Thomas,2010,13.0,13.0,105.0,0.0,0.0,0.0,3.0,15.0,15.0,87.0,0.0,0.0,0.0,3.0
NYJ,T.Richardson,2010,2.0,2.0,9.0,0.0,0.0,0.0,1.0,3.0,3.0,22.0,0.0,0.0,0.0,2.0
TB,R.Purvis,2010,2.0,3.0,10.0,0.0,0.0,0.0,2.0,3.0,3.0,28.0,0.0,0.0,0.0,3.0
DEN,D.Coats,2010,0.0,1.0,0.0,0.0,0.0,0.0,1,0.0,0.0,0.0,0.0,0.0,0.0,0.0
JAC,M.Sims,2010,9.0,23.0,107.0,1.0,4.0,23.0,7.0,24.0,34.0,235.0,8.0,15.0,177.0,7.0
DAL,F.Jones,2010,26.0,28.0,196.0,0.0,0.0,0.0,8.0,19.0,20.0,173.0,0.0,0.0,0.0,7.0
STL,B.Gibson,2010,24.0,38.0,267.0,2.0,8.0,56.0,7.0,22.0,31.0,241.0,1.0,8.0,17.0,7.0
HOU,K.Walter,2010,12.0,20.0,125.0,4.0,6.0,85.0,6.0,29.0,42.0,272.0,5.0,8.0,121.0,8.0
OAK,Z.Miller,2010,32.0,42.0,327.0,1.0,2.0,24.0,7.0,18.0,34.0,145.0,7.0,9.0,188.0,8.0
PHI,E.Buckley,2010,1.0,2.0,10.0,0.0,0.0,0.0,2,0.0,0.0,0.0,0.0,0.0,0.0,0.0
MIN,H.Baskett,2010,1.0,2.0,18.0,0.0,1.0,0.0,1,0.0,0.0,0.0,0.0,0.0,0.0,0.0
IND,A.Gonzalez,2010,3.0,4.0,21.0,1.0,1.0,34.0,1.0,1.0,2.0,12.0,0.0,1.0,0.0,1.0
CIN,J.Gresham,2010,21.0,34.0,182.0,1.0,2.0,23.0,8.0,25.0,38.0,212.0,2.0,3.0,26.0,7.0
DAL,M.Johnson,2010,0.0,0.0,0.0,0.0,1.0,0.0,1.0,1.0,4.0,6.0,0.0,0.0,0.0,1.0
ATL,H.Douglas,2010,8.0,20.0,110.0,0.0,7.0,0.0,7.0,7.0,11.0,42.0,3.0,9.0,85.0,7.0
ATL,O.Mughelli,2010,6.0,8.0,47.0,0.0,0.0,0.0,5.0,7.0,9.0,79.0,0.0,1.0,0.0,5.0
TB,P.Parker,2010,2.0,3.0,9.0,0.0,1.0,0.0,2.0,2.0,4.0,33.0,0.0,1.0,0.0,2.0
SEA,J.Carlson,2010,10.0,18.0,50.0,2.0,7.0,56.0,6.0,17.0,25.0,172.0,0.0,2.0,0.0,7.0
SF,N.Byham,2010,2.0,2.0,13.0,0.0,0.0,0.0,2.0,3.0,4.0,14.0,0.0,0.0,0.0,4.0
CAR,G.Barnidge,2010,0.0,3.0,0.0,0.0,2.0,0.0,3.0,0.0,0.0,0.0,0.0,1.0,0.0,1.0
SF,B.Westbrook,2010,9.0,12.0,71.0,0.0,0.0,0.0,5.0,6.0,11.0,17.0,0.0,0.0,0.0,4.0
CLE,M.Bell,2010,6.0,7.0,62.0,0.0,0.0,0.0,2,0.0,0.0,0.0,0.0,0.0,0.0,0.0
NYJ,J.Conner,2010,1.0,1.0,7.0,0.0,0.0,0.0,1.0,1.0,3.0,2.0,0.0,0.0,0.0,3.0
CHI,R.Davis,2010,1.0,1.0,12.0,0.0,0.0,0.0,1.0,8.0,13.0,72.0,0.0,0.0,0.0,3.0
NYG,S.Smith,2010,20.0,28.0,172.0,2.0,7.0,37.0,4.0,20.0,27.0,172.0,4.0,9.0,111.0,5.0
GB,T.Crabtree,2010,2.0,3.0,25.0,1.0,1.0,33.0,3.0,1.0,3.0,3.0,0.0,0.0,0.0,2.0
SD,J.Hester,2010,8.0,8.0,45.0,0.0,0.0,0.0,4.0,13.0,17.0,92.0,0.0,0.0,0.0,6.0
CHI,E.Bennett,2010,19.0,33.0,215.0,1.0,2.0,33.0,7.0,24.0,30.0,242.0,1.0,2.0,26.0,7.0
ARI,L.Fitzgerald,2010,27.0,47.0,249.0,8.0,20.0,179.0,8.0,39.0,61.0,378.0,10.0,28.0,218.0,8.0
TB,E.Graham,2010,9.0,10.0,90.0,0.0,0.0,0.0,5.0,6.0,7.0,29.0,0.0,0.0,0.0,3.0
ARI,D.Rodgers,2010,0.0,0.0,0.0,0.0,1.0,0.0,1,0.0,0.0,0.0,0.0,0.0,0.0,0.0
CAR,J.King,2010,9.0,14.0,63.0,0.0,0.0,0.0,6.0,9.0,15.0,51.0,0.0,1.0,0.0,7.0
STL,M.Karney,2010,3.0,3.0,9.0,0.0,0.0,0.0,3.0,2.0,2.0,5.0,0.0,0.0,0.0,2.0
ATL,B.Finneran,2010,14.0,17.0,112.0,1.0,4.0,21.0,7.0,3.0,8.0,25.0,0.0,0.0,0.0,4.0
CIN,C.Benson,2010,12.0,15.0,87.0,0.0,0.0,0.0,7.0,16.0,21.0,91.0,0.0,0.0,0.0,7.0
JAC,J.Matthews,2010,0.0,0.0,0.0,0.0,1.0,0.0,1,0.0,0.0,0.0,0.0,0.0,0.0,0.0
OAK,D.Heyward,2010,14.0,26.0,153.0,2.0,14.0,89.0,7.0,7.0,15.0,74.0,2.0,7.0,45.0,5.0
PIT,A.Randle,2010,10.0,16.0,90.0,3.0,4.0,72.0,6.0,8.0,14.0,80.0,0.0,3.0,0.0,6.0
STL,L.Robinson,2010,17.0,32.0,115.0,1.0,4.0,24.0,5.0,13.0,26.0,140.0,2.0,8.0,61.0,8.0
SD,R.Goodman,2010,0.0,0.0,0.0,1.0,1.0,25.0,1.0,0.0,0.0,0.0,0.0,1.0,0.0,1.0
SEA,L.Washington,2010,4.0,5.0,29.0,0.0,0.0,0.0,3.0,4.0,6.0,22.0,1.0,1.0,28.0,4.0
NYJ,J.Cotchery,2010,18.0,35.0,180.0,3.0,16.0,87.0,6.0,16.0,27.0,118.0,1.0,2.0,25.0,7.0
NE,D.Branch,2010,15.0,23.0,155.0,7.0,11.0,131.0,5.0,24.0,35.0,282.0,2.0,5.0,138.0,6.0
KC,T.Castille,2010,7.0,7.0,23.0,0.0,0.0,0.0,3.0,3.0,4.0,20.0,0.0,1.0,0.0,2.0
GB,J.Finley,2010,7.0,10.0,107.0,1.0,1.0,32.0,2.0,9.0,9.0,68.0,4.0,5.0,94.0,2.0
KC,J.Horne,2010,0.0,0.0,0.0,0.0,0.0,0.0,0.0,0.0,0.0,0.0,0.0,1.0,0.0,1
TEN,M.Mariani,2010,0.0,1.0,0.0,0.0,0.0,0.0,1.0,0.0,1.0,0.0,0.0,0.0,0.0,1.0
BUF,S.Chandler,2010,0.0,1.0,0.0,0.0,0.0,0.0,1.0,1.0,1.0,8.0,0.0,1.0,0.0,2.0
MIA,B.Hartline,2010,19.0,28.0,207.0,4.0,12.0,95.0,6.0,15.0,20.0,182.0,4.0,8.0,98.0,6.0
TB,K.Huggins,2010,1.0,1.0,7.0,0.0,1.0,0.0,1,0.0,0.0,0.0,0.0,0.0,0.0,0.0
BUF,E.Wood,2010,0.0,1.0,0.0,0.0,0.0,0.0,1,0.0,0.0,0.0,0.0,0.0,0.0,0.0
TB,A.Benn,2010,10.0,14.0,127.0,1.0,5.0,21.0,7.0,9.0,13.0,70.0,3.0,4.0,160.0,6.0
ATL,T.Gonzalez,2010,33.0,43.0,248.0,3.0,5.0,65.0,8.0,29.0,48.0,269.0,1.0,2.0,34.0,7.0
GB,D.Nance,2010,0.0,0.0,0.0,0.0,0.0,0.0,0.0,3.0,3.0,30.0,0.0,0.0,0.0,2
HOU,S.Slaton,2010,1.0,1.0,3.0,0.0,0.0,0.0,1.0,2.0,2.0,8.0,0.0,0.0,0.0,1.0
NYJ,M.Mulligan,2010,0.0,0.0,0.0,0.0,0.0,0.0,0.0,0.0,1.0,0.0,0.0,0.0,0.0,1
PHI,R.Cooper,2010,1.0,3.0,5.0,0.0,0.0,0.0,1.0,4.0,10.0,45.0,1.0,2.0,29.0,6.0
CIN,R.Kelly,2010,2.0,2.0,12.0,0.0,0.0,0.0,2.0,8.0,11.0,30.0,0.0,0.0,0.0,4.0
CIN,J.Palmer,2010,1.0,1.0,6.0,0.0,0.0,0.0,1,0.0,0.0,0.0,0.0,0.0,0.0,0.0
DEN,C.Buckhalter,2010,15.0,20.0,141.0,0.0,0.0,0.0,6.0,13.0,18.0,99.0,0.0,0.0,0.0,7.0
CLE,K A,2010,0.0,0.0,0.0,0.0,0.0,0.0,0.0,0.0,1.0,0.0,0.0,0.0,0.0,1
ATL,M.Turner,2010,6.0,10.0,55.0,0.0,0.0,0.0,5.0,5.0,9.0,23.0,0.0,0.0,0.0,5.0
TEN,K.Britt,2010,18.0,28.0,183.0,6.0,11.0,257.0,5.0,9.0,17.0,103.0,7.0,13.0,164.0,6.0
CHI,B.Manumaleuna,2010,2.0,3.0,11.0,0.0,0.0,0.0,3.0,3.0,4.0,32.0,0.0,0.0,0.0,3.0
SD,A.Gates,2010,18.0,22.0,210.0,6.0,6.0,163.0,5.0,18.0,24.0,223.0,5.0,8.0,112.0,5.0
MIA,D.Bess,2010,42.0,55.0,383.0,1.0,4.0,17.0,8.0,30.0,48.0,264.0,4.0,9.0,91.0,8.0
NO,L.Betts,2010,15.0,17.0,102.0,0.0,0.0,0.0,4.0,7.0,9.0,33.0,0.0,0.0,0.0,3.0
DEN,K.Moreno,2010,18.0,24.0,240.0,0.0,0.0,0.0,6.0,19.0,24.0,132.0,0.0,0.0,0.0,6.0
DET,W.Heller,2010,3.0,4.0,24.0,0.0,0.0,0.0,4,0.0,0.0,0.0,0.0,0.0,0.0,0.0
ARI,J.Dray,2010,1.0,6.0,6.0,0.0,0.0,0.0,4.0,2.0,3.0,41.0,0.0,0.0,0.0,3.0
HOU,D.Anderson,2010,5.0,6.0,34.0,0.0,1.0,0.0,3.0,4.0,7.0,31.0,2.0,4.0,52.0,5.0
DEN,T.Tebow,2010,1.0,2.0,15.0,0.0,0.0,0.0,2,0.0,0.0,0.0,0.0,0.0,0.0,0.0
OAK,M.Reece,2010,15.0,24.0,222.0,0.0,1.0,0.0,8.0,9.0,13.0,92.0,1.0,2.0,19.0,7.0
CIN,C.Ochocinco,2010,19.0,34.0,243.0,1.0,10.0,20.0,7.0,39.0,55.0,400.0,7.0,17.0,158.0,7.0
JAC,J.Hill,2010,2.0,6.0,20.0,3.0,4.0,105.0,2.0,4.0,5.0,53.0,2.0,5.0,70.0,4.0
BUF,S.Nelson,2010,0.0,0.0,0.0,0.0,0.0,0.0,0.0,2.0,3.0,21.0,0.0,0.0,0.0,2
MIA,M.Moore,2010,3.0,4.0,25.0,0.0,2.0,0.0,3.0,2.0,7.0,74.0,1.0,6.0,29.0,4.0
SD,C.Davis,2010,11.0,16.0,101.0,0.0,1.0,0.0,3.0,6.0,15.0,53.0,4.0,7.0,105.0,4.0
OAK,J.Higgins,2010,4.0,12.0,38.0,1.0,5.0,26.0,6.0,5.0,10.0,76.0,0.0,2.0,0.0,4.0
IND,M.Hart,2010,6.0,6.0,25.0,0.0,0.0,0.0,3,0.0,0.0,0.0,0.0,0.0,0.0,0.0
OAK,L.Murphy,2010,11.0,20.0,126.0,5.0,6.0,154.0,6.0,19.0,31.0,256.0,2.0,11.0,57.0,8.0
MIA,K.Curtis,2010,1.0,1.0,6.0,0.0,1.0,0.0,1,0.0,0.0,0.0,0.0,0.0,0.0,0.0
BUF,J.Stupar,2010,4.0,4.0,55.0,0.0,0.0,0.0,2.0,8.0,8.0,56.0,0.0,0.0,0.0,5.0
TEN,J.Gage,2010,6.0,11.0,64.0,4.0,6.0,95.0,7.0,9.0,13.0,88.0,0.0,9.0,0.0,4.0
DET,S.Logan,2010,0.0,0.0,0.0,0.0,0.0,0.0,0.0,0.0,1.0,0.0,0.0,0.0,0.0,1
ARI,J.Johnson,2010,0.0,0.0,0.0,0.0,0.0,0.0,0.0,0.0,1.0,0.0,0.0,0.0,0.0,1
CHI,K.Davis,2010,0.0,0.0,0.0,1.0,1.0,19.0,1.0,0.0,1.0,0.0,0.0,0.0,0.0,1.0
SEA,D.Branch,2010,7.0,8.0,30.0,0.0,0.0,0.0,2.0,5.0,6.0,41.0,0.0,2.0,0.0,2.0
SEA,C.Baker,2010,3.0,5.0,21.0,0.0,2.0,0.0,5.0,5.0,9.0,51.0,1.0,1.0,44.0,6.0
PHI,D.Jackson,2010,16.0,34.0,119.0,7.0,16.0,217.0,7.0,10.0,21.0,170.0,10.0,17.0,427.0,7.0
NYJ,C.Kelsay,2010,0.0,1.0,0.0,0.0,0.0,0.0,1,0.0,0.0,0.0,0.0,0.0,0.0,0.0
MIA,B.Marshall,2010,39.0,56.0,419.0,5.0,12.0,109.0,7.0,30.0,45.0,240.0,9.0,21.0,237.0,7.0
CIN,D.Coats,2010,0.0,0.0,0.0,0.0,0.0,0.0,0.0,0.0,1.0,0.0,0.0,0.0,0.0,1
JAC,G.Jones,2010,7.0,7.0,27.0,0.0,0.0,0.0,5.0,4.0,4.0,20.0,0.0,0.0,0.0,4.0
MIA,C.Henne,2010,0.0,0.0,0.0,0.0,0.0,0.0,0.0,0.0,0.0,0.0,0.0,1.0,0.0,1
CHI,D.Clark,2010,1.0,2.0,12.0,0.0,0.0,0.0,1,0.0,0.0,0.0,0.0,0.0,0.0,0.0
JAC,B.Bolen,2010,1.0,2.0,15.0,0.0,1.0,0.0,1,0.0,0.0,0.0,0.0,0.0,0.0,0.0
TEN,A.Hall,2010,7.0,10.0,68.0,0.0,0.0,0.0,6.0,8.0,10.0,32.0,0.0,0.0,0.0,5.0
DEN,K.Orton,2010,0.0,1.0,0.0,0.0,0.0,0.0,1,0.0,0.0,0.0,0.0,0.0,0.0,0.0
WAS,S.Moss,2010,48.0,63.0,432.0,6.0,12.0,137.0,8.0,32.0,48.0,323.0,4.0,13.0,103.0,8.0
ARI,S.Spach,2010,3.0,8.0,26.0,0.0,1.0,0.0,7.0,4.0,6.0,14.0,0.0,1.0,0.0,4.0
NO,R.Meachem,2010,14.0,19.0,79.0,3.0,7.0,111.0,8.0,19.0,25.0,153.0,7.0,12.0,269.0,8.0
CIN,J.Simpson,2010,6.0,7.0,85.0,1.0,3.0,59.0,3.0,8.0,10.0,65.0,2.0,2.0,40.0,1.0
MIA,L.Polite,2010,6.0,9.0,40.0,0.0,0.0,0.0,6.0,6.0,8.0,21.0,0.0,0.0,0.0,5.0
CIN,A.Whitworth,2010,0.0,0.0,0.0,0.0,0.0,0.0,0.0,1.0,1.0,94.0,0.0,0.0,0.0,1
NE,K.Faulk,2010,3.0,5.0,26.0,1.0,1.0,21.0,1.0,2.0,4.0,15.0,0.0,0.0,0.0,1.0
DAL,T.Choice,2010,12.0,14.0,95.0,0.0,0.0,0.0,5.0,5.0,8.0,55.0,0.0,0.0,0.0,4.0
DAL,J.Kitna,2010,0.0,0.0,0.0,1.0,1.0,32.0,1,0.0,0.0,0.0,0.0,0.0,0.0,0.0
BUF,C.Mc,2010,2.0,3.0,15.0,0.0,0.0,0.0,3.0,2.0,5.0,17.0,0.0,0.0,0.0,4.0
BAL,W.Mc,2010,7.0,8.0,65.0,0.0,0.0,0.0,3.0,6.0,8.0,-18.0,0.0,1.0,0.0,5.0
NYJ,S.Holmes,2010,14.0,28.0,188.0,6.0,14.0,134.0,6.0,26.0,38.0,306.0,4.0,9.0,118.0,6.0
NO,H.Evans,2010,5.0,6.0,19.0,0.0,0.0,0.0,5.0,2.0,5.0,22.0,0.0,0.0,0.0,5.0
KC,C.Chambers,2010,8.0,15.0,63.0,0.0,5.0,0.0,6.0,12.0,17.0,111.0,1.0,3.0,26.0,6.0
CAR,B.La,2010,15.0,27.0,124.0,4.0,7.0,112.0,6.0,17.0,32.0,176.0,1.0,8.0,28.0,8.0
NYJ,L.Tomlinson,2010,27.0,39.0,180.0,0.0,1.0,0.0,7.0,24.0,36.0,173.0,0.0,1.0,0.0,8.0
MIN,V.Shiancoe,2010,19.0,28.0,152.0,3.0,6.0,78.0,7.0,20.0,32.0,184.0,4.0,9.0,102.0,8.0
NO,J.Jones,2010,8.0,9.0,32.0,0.0,0.0,0.0,4.0,9.0,12.0,27.0,0.0,0.0,0.0,4.0
DET,N.Burleson,2010,29.0,34.0,298.0,2.0,10.0,53.0,8.0,20.0,33.0,148.0,3.0,6.0,100.0,6.0
BUF,R.Parrish,2010,11.0,17.0,86.0,3.0,5.0,74.0,4.0,16.0,22.0,166.0,3.0,4.0,89.0,4.0
DAL,R.Williams,2010,17.0,24.0,218.0,2.0,6.0,46.0,7.0,14.0,20.0,184.0,3.0,7.0,67.0,8.0
CLE,R.Royal,2010,3.0,5.0,27.0,0.0,1.0,0.0,3.0,1.0,3.0,9.0,1.0,2.0,20.0,4.0
IND,B.White,2010,10.0,14.0,80.0,3.0,5.0,53.0,4.0,19.0,27.0,132.0,3.0,6.0,57.0,7.0
NO,J.Graham,2010,11.0,12.0,127.0,1.0,3.0,19.0,4.0,15.0,21.0,114.0,3.0,4.0,89.0,6.0
TEN,D.Williams,2010,3.0,6.0,25.0,1.0,1.0,39.0,4.0,7.0,12.0,59.0,4.0,8.0,104.0,4.0
SF,A.Dixon,2010,2.0,2.0,10.0,0.0,0.0,0.0,2.0,3.0,3.0,1.0,0.0,0.0,0.0,3.0
CIN,T.Owens,2010,27.0,42.0,256.0,7.0,20.0,219.0,6.0,32.0,49.0,387.0,6.0,16.0,121.0,7.0
MIA,T.Thigpen,2010,0.0,1.0,0.0,0.0,0.0,0.0,1,0.0,0.0,0.0,0.0,0.0,0.0,0.0
SF,V.Davis,2010,19.0,29.0,282.0,6.0,13.0,187.0,8.0,21.0,35.0,204.0,7.0,12.0,221.0,8.0
NYJ,P.Turner,2010,1.0,1.0,5.0,1.0,1.0,21.0,2,0.0,0.0,0.0,0.0,0.0,0.0,0.0
MIN,P.Harvin,2010,29.0,37.0,292.0,1.0,6.0,24.0,6.0,33.0,46.0,306.0,7.0,13.0,238.0,8.0
STL,F.Onobun,2010,2.0,4.0,15.0,0.0,0.0,0.0,1,0.0,0.0,0.0,0.0,0.0,0.0,0.0
OAK,J.Ford,2010,8.0,17.0,72.0,8.0,13.0,267.0,5.0,5.0,14.0,102.0,2.0,6.0,43.0,6.0
NYJ,B.Edwards,2010,14.0,25.0,137.0,5.0,16.0,184.0,8.0,25.0,39.0,355.0,7.0,16.0,219.0,8.0
WAS,K.Williams,2010,24.0,35.0,221.0,0.0,0.0,0.0,7.0,15.0,23.0,88.0,0.0,0.0,0.0,6.0
CLE,C.Mc,2010,0.0,0.0,0.0,0.0,0.0,0.0,0.0,1.0,1.0,13.0,0.0,0.0,0.0,1
WAS,F.Davis,2010,9.0,11.0,63.0,2.0,3.0,133.0,6.0,9.0,13.0,102.0,1.0,2.0,18.0,7.0
CIN,B.Leonard,2010,10.0,13.0,86.0,0.0,0.0,0.0,6.0,9.0,12.0,45.0,0.0,0.0,0.0,5.0
CLE,J.Cribbs,2010,11.0,19.0,106.0,1.0,4.0,65.0,7.0,9.0,11.0,70.0,1.0,4.0,20.0,6.0
NYG,D.Calhoun,2010,0.0,0.0,0.0,0.0,0.0,0.0,0.0,1.0,2.0,4.0,0.0,0.0,0.0,1
OAK,M.Bush,2010,9.0,12.0,117.0,0.0,0.0,0.0,5.0,9.0,12.0,77.0,0.0,0.0,0.0,4.0
SEA,R.Martin,2010,2.0,2.0,24.0,1.0,1.0,61.0,1.0,3.0,4.0,37.0,1.0,2.0,36.0,1.0
ATL,R.White,2010,38.0,55.0,386.0,14.0,19.0,325.0,8.0,36.0,56.0,318.0,9.0,18.0,212.0,7.0
BUF,P.Merling,2010,0.0,0.0,0.0,0.0,0.0,0.0,0.0,1.0,1.0,6.0,0.0,0.0,0.0,1
WAS,A.Armstrong,2010,13.0,30.0,104.0,8.0,14.0,315.0,8.0,12.0,17.0,170.0,8.0,18.0,243.0,7.0
NYJ,J.Cumberland,2010,1.0,2.0,3.0,0.0,0.0,0.0,1,0.0,0.0,0.0,0.0,0.0,0.0,0.0
GB,J.Jones,2010,19.0,28.0,223.0,4.0,11.0,110.0,8.0,21.0,30.0,181.0,4.0,13.0,158.0,8.0
SEA,Q.Ganther,2010,0.0,0.0,0.0,0.0,0.0,0.0,0.0,0.0,1.0,0.0,0.0,0.0,0.0,1
PHI,L.Mc,2010,41.0,46.0,327.0,0.0,0.0,0.0,7.0,37.0,44.0,250.0,0.0,0.0,0.0,8.0
JAC,M.Jones,2010,15.0,20.0,158.0,0.0,0.0,0.0,7.0,16.0,21.0,130.0,1.0,1.0,18.0,7.0
CIN,C.Palmer,2010,1.0,1.0,20.0,0.0,0.0,0.0,1.0,1.0,1.0,1.0,0.0,0.0,0.0,1.0
DEN,M.Willis,2010,0.0,0.0,0.0,1.0,2.0,17.0,1,0.0,0.0,0.0,0.0,0.0,0.0,0.0
TB,J.Freeman,2010,0.0,0.0,0.0,0.0,0.0,0.0,0.0,1.0,2.0,1.0,0.0,0.0,0.0,2
NYJ,S.Greene,2010,7.0,11.0,67.0,0.0,0.0,0.0,6.0,9.0,12.0,87.0,0.0,0.0,0.0,6.0
CLE,D.Williams,2010,0.0,1.0,0.0,0.0,1.0,0.0,1,0.0,0.0,0.0,0.0,0.0,0.0,0.0
STL,M.Gilyard,2010,3.0,7.0,20.0,1.0,2.0,21.0,3.0,1.0,4.0,5.0,0.0,1.0,0.0,1.0
TB,K.Lumpkin,2010,0.0,0.0,0.0,0.0,0.0,0.0,0.0,1.0,1.0,12.0,0.0,0.0,0.0,1
PIT,M.Moore,2010,11.0,12.0,110.0,0.0,0.0,0.0,4.0,13.0,16.0,93.0,0.0,0.0,0.0,6.0
KC,T.Copper,2010,6.0,8.0,45.0,0.0,0.0,0.0,5.0,11.0,17.0,92.0,1.0,3.0,20.0,6.0
NYJ,B.Smith,2010,1.0,2.0,4.0,1.0,1.0,23.0,2.0,3.0,5.0,20.0,0.0,0.0,0.0,5.0
TEN,C.Johnson,2010,26.0,32.0,123.0,0.0,0.0,0.0,8.0,17.0,24.0,105.0,0.0,0.0,0.0,8.0
SF,M.Norris,2010,1.0,4.0,5.0,0.0,0.0,0.0,4.0,3.0,5.0,15.0,0.0,0.0,0.0,3.0
DET,D.Williams,2010,1.0,3.0,7.0,0.0,0.0,0.0,1.0,1.0,1.0,6.0,1.0,1.0,17.0,1.0
NYG,R.Barden,2010,2.0,3.0,8.0,1.0,1.0,26.0,1.0,1.0,1.0,8.0,1.0,1.0,22.0,2.0
CAR,T.Sutton,2010,6.0,6.0,35.0,0.0,0.0,0.0,2.0,6.0,6.0,35.0,0.0,0.0,0.0,2.0
STL,D.Fells,2010,20.0,30.0,160.0,1.0,3.0,25.0,8.0,18.0,27.0,190.0,0.0,1.0,0.0,8.0
NO,D.Thomas,2010,20.0,25.0,147.0,0.0,2.0,0.0,7.0,10.0,17.0,72.0,0.0,1.0,0.0,5.0
OAK,M.Thomas,2010,0.0,1.0,0.0,0.0,0.0,0.0,1,0.0,0.0,0.0,0.0,0.0,0.0,0.0
NE,D.Woodhead,2010,18.0,22.0,215.0,0.0,0.0,0.0,5.0,15.0,20.0,145.0,0.0,1.0,0.0,7.0
WAS,J.Davis,2010,1.0,2.0,4.0,0.0,0.0,0.0,1.0,3.0,3.0,41.0,0.0,0.0,0.0,1.0
DAL,S.Bradley,2010,0.0,1.0,0.0,0.0,0.0,0.0,1,0.0,0.0,0.0,0.0,0.0,0.0,0.0
WAS,Nabb F,2010,0.0,0.0,0.0,0.0,0.0,0.0,0.0,0.0,1.0,0.0,0.0,0.0,0.0,1
MIN,G.Camarillo,2010,14.0,18.0,126.0,2.0,4.0,49.0,8.0,3.0,6.0,36.0,1.0,2.0,29.0,4.0
NE,B.Tate,2010,9.0,16.0,103.0,2.0,4.0,94.0,7.0,9.0,17.0,88.0,2.0,6.0,73.0,8.0
ATL,M.Palmer,2010,3.0,4.0,17.0,0.0,2.0,0.0,4.0,2.0,2.0,12.0,0.0,0.0,0.0,2.0
PHI,M.Bell,2010,1.0,1.0,1.0,0.0,0.0,0.0,1.0,0.0,1.0,0.0,0.0,0.0,0.0,1.0
PHI,J.Harrison,2010,4.0,5.0,16.0,0.0,0.0,0.0,1.0,3.0,3.0,26.0,0.0,0.0,0.0,3.0
DEN,L.Ball,2010,2.0,2.0,19.0,0.0,0.0,0.0,2.0,1.0,2.0,-3.0,0.0,1.0,0.0,2.0
SD,G.Banks,2010,1.0,1.0,2.0,0.0,0.0,0.0,1.0,0.0,2.0,0.0,0.0,0.0,0.0,1.0
PIT,M.Wallace,2010,20.0,34.0,307.0,13.0,23.0,395.0,8.0,16.0,22.0,195.0,9.0,15.0,315.0,8.0
DEN,S.Larsen,2010,4.0,4.0,47.0,0.0,0.0,0.0,4.0,1.0,1.0,4.0,0.0,0.0,0.0,1.0
GB,J.Starks,2010,2.0,3.0,15.0,0.0,0.0,0.0,1.0,0.0,1.0,0.0,0.0,0.0,0.0,1.0
ARI,C.Wells,2010,2.0,3.0,19.0,1.0,1.0,43.0,4.0,2.0,3.0,12.0,0.0,0.0,0.0,3.0
IND,B.Eldridge,2010,1.0,2.0,8.0,0.0,0.0,0.0,2.0,4.0,5.0,31.0,0.0,1.0,0.0,4.0
PHI,K.Kolb,2010,0.0,1.0,0.0,0.0,0.0,0.0,1.0,0.0,0.0,0.0,1.0,1.0,37.0,1.0
DAL,J.Witten,2010,50.0,60.0,482.0,5.0,9.0,123.0,8.0,33.0,48.0,305.0,0.0,1.0,0.0,8.0
BUF,J.Peppers,2010,1.0,1.0,16.0,0.0,0.0,0.0,1,0.0,0.0,0.0,0.0,0.0,0.0,0.0
NO,J.Shockey,2010,24.0,28.0,197.0,2.0,4.0,51.0,6.0,13.0,22.0,131.0,1.0,3.0,18.0,6.0
MIN,R.Moss,2010,4.0,4.0,37.0,1.0,2.0,18.0,1.0,6.0,9.0,61.0,2.0,9.0,58.0,3.0
KC,J.Charles,2010,20.0,24.0,237.0,0.0,1.0,0.0,7.0,24.0,37.0,230.0,0.0,1.0,0.0,8.0
PHI,C.Hall,2010,6.0,9.0,41.0,1.0,2.0,48.0,2.0,4.0,5.0,26.0,0.0,1.0,0.0,3.0
TB,J.Johnson,2010,0.0,0.0,0.0,0.0,0.0,0.0,0.0,2.0,3.0,7.0,0.0,0.0,0.0,3
ARI,M.Komar,2010,4.0,6.0,24.0,1.0,1.0,19.0,3.0,6.0,9.0,55.0,1.0,3.0,20.0,5.0
GB,D.Driver,2010,16.0,21.0,118.0,5.0,9.0,192.0,7.0,26.0,42.0,192.0,2.0,8.0,51.0,8.0
TEN,J.Ringer,2010,2.0,2.0,12.0,0.0,0.0,0.0,2.0,5.0,6.0,32.0,0.0,0.0,0.0,6.0
IND,D.Brown,2010,10.0,13.0,87.0,0.0,0.0,0.0,7.0,9.0,14.0,93.0,1.0,1.0,25.0,5.0
CAR,A.Edwards,2010,0.0,0.0,0.0,0.0,1.0,0.0,1,0.0,0.0,0.0,0.0,0.0,0.0,0.0
NE,W.Welker,2010,35.0,48.0,327.0,1.0,2.0,35.0,7.0,46.0,67.0,435.0,2.0,2.0,45.0,8.0
DEN,L.Maroney,2010,2.0,3.0,40.0,0.0,0.0,0.0,1.0,2.0,4.0,10.0,0.0,0.0,0.0,1.0
ARI,S.Breaston,2010,13.0,26.0,104.0,9.0,18.0,251.0,6.0,17.0,25.0,157.0,6.0,13.0,138.0,6.0
IND,J.Addai,2010,7.0,10.0,60.0,0.0,0.0,0.0,3.0,12.0,16.0,64.0,0.0,0.0,0.0,5.0
MIA,J.Mastrud,2010,0.0,0.0,0.0,0.0,0.0,0.0,0.0,0.0,1.0,0.0,0.0,0.0,0.0,1
HOU,A.Johnson,2010,31.0,48.0,269.0,11.0,18.0,298.0,7.0,33.0,49.0,326.0,12.0,19.0,337.0,6.0
DAL,M.Austin,2010,34.0,54.0,419.0,4.0,8.0,140.0,8.0,24.0,36.0,314.0,5.0,12.0,166.0,8.0
TEN,L.Hawkins,2010,1.0,1.0,5.0,0.0,0.0,0.0,1.0,2.0,2.0,28.0,1.0,2.0,24.0,1.0
MIA,Thigpen T,2010,0.0,1.0,0.0,0.0,0.0,0.0,1,0.0,0.0,0.0,0.0,0.0,0.0,0.0
KC,V.Tucker,2010,3.0,8.0,41.0,0.0,3.0,0.0,4.0,0.0,4.0,0.0,2.0,3.0,62.0,3.0
JAC,Z.Miller,2010,11.0,13.0,87.0,1.0,3.0,52.0,6.0,8.0,9.0,77.0,0.0,0.0,0.0,3.0
NYG,M.Clayton,2010,0.0,1.0,0.0,0.0,0.0,0.0,1.0,2.0,3.0,19.0,0.0,0.0,0.0,1.0
BUF,P.Hubbard,2010,0.0,0.0,0.0,0.0,0.0,0.0,0.0,1.0,3.0,8.0,0.0,0.0,0.0,1
CHI,D.Aromashodu,2010,7.0,14.0,97.0,2.0,4.0,39.0,4.0,1.0,4.0,13.0,1.0,3.0,32.0,5.0
CAR,D.Rosario,2010,13.0,21.0,69.0,2.0,5.0,43.0,8.0,16.0,27.0,140.0,0.0,0.0,0.0,8.0
KC,D.Mc,2010,15.0,22.0,174.0,0.0,0.0,0.0,6.0,6.0,14.0,35.0,0.0,1.0,0.0,4.0
IND,D.Clark,2010,7.0,12.0,53.0,1.0,1.0,50.0,2.0,29.0,37.0,244.0,0.0,3.0,0.0,4.0
CHI,C.Williams,2010,1.0,1.0,4.0,0.0,0.0,0.0,1.0,0.0,1.0,0.0,0.0,0.0,0.0,1.0
SF,A.Snyder,2010,0.0,1.0,0.0,0.0,0.0,0.0,1,0.0,0.0,0.0,0.0,0.0,0.0,0.0
MIA,R.Wallace,2010,3.0,6.0,27.0,0.0,0.0,0.0,4.0,3.0,3.0,35.0,0.0,1.0,0.0,3.0
SF,M.Crabtree,2010,21.0,36.0,224.0,6.0,8.0,147.0,8.0,26.0,38.0,293.0,2.0,10.0,77.0,8.0
TB,L.Blount,2010,1.0,2.0,3.0,0.0,0.0,0.0,2.0,4.0,4.0,11.0,0.0,0.0,0.0,2.0
NYJ,B.Hartsock,2010,0.0,0.0,0.0,0.0,0.0,0.0,0.0,1.0,3.0,7.0,0.0,0.0,0.0,2
BUF,L.Evans,2010,14.0,21.0,131.0,2.0,21.0,88.0,7.0,11.0,21.0,127.0,8.0,16.0,219.0,5.0
SEA,B.Obomanu,2010,12.0,17.0,119.0,3.0,7.0,150.0,7.0,11.0,16.0,95.0,3.0,3.0,105.0,5.0
BUF,D.Nelson,2010,16.0,21.0,140.0,2.0,4.0,54.0,7.0,10.0,15.0,104.0,1.0,2.0,23.0,7.0
CLE,M.Massaquoi,2010,21.0,29.0,235.0,1.0,5.0,21.0,8.0,10.0,20.0,103.0,4.0,10.0,129.0,6.0
DET,J.Felton,2010,4.0,6.0,18.0,0.0,0.0,0.0,5.0,4.0,9.0,36.0,0.0,0.0,0.0,5.0
STL,K.Toston,2010,0.0,0.0,0.0,0.0,0.0,0.0,0.0,2.0,2.0,29.0,0.0,0.0,0.0,2
NO,A.Arrington,2010,7.0,8.0,79.0,0.0,1.0,0.0,1,0.0,0.0,0.0,0.0,0.0,0.0,0.0
BUF,K.Coleman,2010,1.0,1.0,2.0,0.0,0.0,0.0,1,0.0,0.0,0.0,0.0,0.0,0.0,0.0
GB,B.Jackson,2010,19.0,22.0,201.0,0.0,0.0,0.0,8.0,24.0,28.0,141.0,0.0,0.0,0.0,8.0
NYJ,D.Clowney,2010,0.0,1.0,0.0,0.0,0.0,0.0,1.0,1.0,2.0,22.0,0.0,1.0,0.0,1.0
NYG,M.Manningham,2010,28.0,38.0,265.0,8.0,17.0,217.0,8.0,18.0,22.0,175.0,4.0,8.0,252.0,8.0
HOU,D.Dickerson,2010,0.0,0.0,0.0,0.0,0.0,0.0,0.0,0.0,1.0,0.0,0.0,0.0,0.0,1
BAL,D.Pitta,2010,0.0,0.0,0.0,0.0,2.0,0.0,2.0,1.0,2.0,1.0,0.0,1.0,0.0,1.0
ARI,L.Stephens,2010,6.0,8.0,40.0,0.0,0.0,0.0,5.0,9.0,12.0,65.0,0.0,1.0,0.0,5.0
WAS,M.Sellers,2010,11.0,18.0,116.0,1.0,3.0,28.0,7.0,7.0,16.0,53.0,1.0,1.0,27.0,8.0
STL,S.Jackson,2010,21.0,28.0,135.0,0.0,0.0,0.0,8.0,24.0,31.0,214.0,1.0,1.0,25.0,8.0
TB,M.Williams,2010,30.0,49.0,341.0,7.0,22.0,143.0,8.0,18.0,29.0,263.0,7.0,21.0,198.0,8.0
NO,M.Colston,2010,36.0,57.0,353.0,4.0,7.0,89.0,7.0,35.0,48.0,377.0,6.0,14.0,169.0,8.0
STL,D.Amendola,2010,43.0,59.0,335.0,1.0,2.0,16.0,8.0,34.0,51.0,274.0,1.0,4.0,17.0,8.0
SD,R.Mathews,2010,9.0,11.0,66.0,0.0,0.0,0.0,5.0,13.0,15.0,79.0,0.0,0.0,0.0,6.0
IND,J.Tamme,2010,35.0,44.0,288.0,2.0,5.0,56.0,6.0,27.0,34.0,252.0,1.0,5.0,18.0,4.0
NYG,H.Nicks,2010,25.0,32.0,207.0,7.0,14.0,162.0,6.0,37.0,53.0,419.0,8.0,19.0,228.0,7.0
DEN,D.Thomas,2010,11.0,16.0,129.0,3.0,9.0,65.0,6.0,7.0,11.0,69.0,0.0,1.0,0.0,4.0
DET,J.Best,2010,32.0,45.0,327.0,0.0,1.0,0.0,7.0,26.0,33.0,160.0,0.0,0.0,0.0,8.0
NE,J.Edelman,2010,6.0,11.0,80.0,0.0,0.0,0.0,5.0,1.0,2.0,6.0,0.0,0.0,0.0,1.0
DAL,C.Gronkowski,2010,4.0,8.0,19.0,0.0,0.0,0.0,4.0,2.0,5.0,10.0,0.0,0.0,0.0,2.0
BUF,M.Lynch,2010,0.0,2.0,0.0,0.0,0.0,0.0,1.0,1.0,1.0,7.0,0.0,0.0,0.0,1.0
ARI,T.Hightower,2010,6.0,16.0,45.0,0.0,0.0,0.0,8.0,15.0,24.0,91.0,0.0,0.0,0.0,8.0
CAR,S.Smith,2010,17.0,33.0,190.0,2.0,8.0,41.0,7.0,22.0,40.0,189.0,4.0,11.0,119.0,7.0
OAK,R.Cartwright,2010,0.0,0.0,0.0,0.0,0.0,0.0,0.0,1.0,3.0,10.0,0.0,0.0,0.0,2
CIN,A.Caldwell,2010,9.0,13.0,121.0,4.0,6.0,97.0,4.0,11.0,15.0,88.0,1.0,2.0,39.0,4.0
OAK,B.Myers,2010,5.0,7.0,36.0,0.0,0.0,0.0,4.0,7.0,9.0,44.0,0.0,0.0,0.0,5.0
WAS,J.Galloway,2010,5.0,11.0,53.0,2.0,7.0,81.0,5.0,4.0,10.0,19.0,1.0,3.0,20.0,5.0
ATL,E.Weems,2010,0.0,0.0,0.0,0.0,0.0,0.0,0.0,2.0,2.0,25.0,0.0,0.0,0.0,2
PHI,T.Herremans,2010,0.0,0.0,0.0,0.0,0.0,0.0,0.0,1.0,1.0,2.0,0.0,0.0,0.0,1
TEN,C.Stevens,2010,7.0,13.0,63.0,1.0,2.0,19.0,7.0,3.0,8.0,40.0,0.0,0.0,0.0,6.0
MIN,G.Lewis,2010,11.0,18.0,98.0,1.0,2.0,29.0,5.0,4.0,13.0,37.0,1.0,1.0,33.0,7.0
ATL,J.Snelling,2010,30.0,34.0,231.0,0.0,0.0,0.0,8.0,12.0,16.0,61.0,0.0,0.0,0.0,5.0
PHI,J.Avant,2010,17.0,27.0,183.0,3.0,7.0,66.0,8.0,23.0,29.0,195.0,5.0,7.0,98.0,8.0
KC,J.Battle,2010,1.0,2.0,9.0,0.0,0.0,0.0,1.0,0.0,1.0,0.0,0.0,0.0,0.0,1.0
IND,G.Robinson,2010,2.0,4.0,11.0,0.0,0.0,0.0,3.0,1.0,3.0,1.0,0.0,0.0,0.0,2.0
NYG,B.Jacobs,2010,6.0,11.0,37.0,0.0,0.0,0.0,6.0,1.0,2.0,22.0,0.0,0.0,0.0,1.0
HOU,O.Daniels,2010,18.0,28.0,208.0,4.0,8.0,105.0,6.0,15.0,27.0,135.0,1.0,3.0,23.0,5.0
BUF,M.Roth,2010,1.0,1.0,5.0,0.0,0.0,0.0,1,0.0,0.0,0.0,0.0,0.0,0.0,0.0
OAK,J.Campbell,2010,0.0,0.0,0.0,0.0,0.0,0.0,0.0,1.0,1.0,1.0,0.0,0.0,0.0,1
JAC,K.Osgood,2010,3.0,6.0,19.0,0.0,0.0,0.0,4.0,1.0,5.0,6.0,0.0,2.0,0.0,4.0
NE,T.Price,2010,3.0,4.0,56.0,0.0,0.0,0.0,1,0.0,0.0,0.0,0.0,0.0,0.0,0.0
ARI,A.Roberts,2010,7.0,14.0,63.0,2.0,4.0,95.0,6.0,13.0,23.0,119.0,1.0,5.0,25.0,5.0
BAL,D.Stallworth,2010,0.0,1.0,0.0,1.0,1.0,67.0,1.0,1.0,1.0,15.0,0.0,2.0,0.0,3.0
NO,C.Ivory,2010,0.0,0.0,0.0,0.0,0.0,0.0,0.0,1.0,1.0,17.0,0.0,0.0,0.0,1
OAK,M.Bennett,2010,0.0,0.0,0.0,0.0,0.0,0.0,0.0,2.0,2.0,9.0,0.0,0.0,0.0,1
WAS,L.Paulsen,2010,1.0,1.0,1.0,0.0,0.0,0.0,1.0,1.0,1.0,9.0,0.0,0.0,0.0,1.0
CAR,D.Jarrett,2010,0.0,0.0,0.0,0.0,0.0,0.0,0.0,0.0,1.0,0.0,2.0,4.0,40.0,2
MIN,J.Kleinsasser,2010,9.0,9.0,79.0,1.0,1.0,20.0,6.0,7.0,8.0,49.0,0.0,0.0,0.0,7.0
TB,D.Briscoe,2010,2.0,2.0,28.0,0.0,0.0,0.0,1.0,3.0,4.0,11.0,1.0,1.0,54.0,1.0
BUF,Q.Ganther,2010,2.0,2.0,9.0,0.0,0.0,0.0,1,0.0,0.0,0.0,0.0,0.0,0.0,0.0
CHI,G.Olsen,2010,14.0,23.0,131.0,3.0,8.0,61.0,8.0,22.0,29.0,190.0,1.0,5.0,19.0,8.0
ATL,M.Jenkins,2010,19.0,30.0,144.0,3.0,9.0,76.0,6.0,12.0,15.0,117.0,6.0,16.0,144.0,5.0
CLE,E.Moore,2010,5.0,9.0,59.0,0.0,3.0,0.0,6.0,5.0,6.0,99.0,5.0,7.0,141.0,3.0
CLE,C.Stuckey,2010,19.0,26.0,180.0,1.0,6.0,19.0,8.0,17.0,23.0,125.0,0.0,2.0,0.0,7.0
NE,A.Crumpler,2010,3.0,6.0,17.0,0.0,0.0,0.0,4.0,3.0,3.0,35.0,0.0,1.0,0.0,4.0
PHI,M.Mc,2010,1.0,1.0,1.0,0.0,0.0,0.0,1,0.0,0.0,0.0,0.0,0.0,0.0,0.0
OAK,D.Mc,2010,27.0,35.0,266.0,0.0,0.0,0.0,7.0,17.0,23.0,223.0,0.0,0.0,0.0,6.0
TEN,B.Scaife,2010,17.0,23.0,86.0,3.0,4.0,81.0,7.0,14.0,21.0,111.0,1.0,3.0,28.0,6.0
PHI,C.Harbor,2010,4.0,8.0,20.0,0.0,2.0,0.0,2.0,2.0,2.0,7.0,1.0,1.0,24.0,2.0
SF,J.Morgan,2010,19.0,27.0,244.0,5.0,9.0,183.0,8.0,14.0,24.0,134.0,4.0,15.0,95.0,8.0
NE,B.Green,2010,7.0,9.0,46.0,0.0,0.0,0.0,6.0,5.0,7.0,39.0,0.0,0.0,0.0,3.0
STL,M.Hoomanawanui,2010,6.0,8.0,35.0,2.0,3.0,43.0,4.0,5.0,10.0,68.0,0.0,0.0,0.0,3.0
MIA,P.Cobbs,2010,5.0,11.0,48.0,0.0,0.0,0.0,4.0,1.0,2.0,3.0,1.0,2.0,29.0,2.0
SEA,J.Forsett,2010,15.0,21.0,121.0,0.0,1.0,0.0,8.0,17.0,27.0,127.0,0.0,0.0,0.0,8.0
KC,L.Pope,2010,4.0,9.0,32.0,0.0,1.0,0.0,7.0,6.0,8.0,44.0,0.0,1.0,0.0,7.0
NE,R.Gronkowski,2010,10.0,16.0,115.0,5.0,7.0,122.0,8.0,21.0,28.0,168.0,5.0,7.0,116.0,8.0
MIA,M.Shuler,2010,1.0,2.0,16.0,1.0,1.0,28.0,1.0,0.0,1.0,0.0,0.0,0.0,0.0,1.0
GB,J.Kuhn,2010,6.0,8.0,30.0,0.0,0.0,0.0,6.0,9.0,10.0,67.0,0.0,0.0,0.0,5.0
CIN,C.Coffman,2010,0.0,0.0,0.0,0.0,0.0,0.0,0.0,3.0,5.0,30.0,0.0,0.0,0.0,1
MIN,A.Young,2010,0.0,0.0,0.0,0.0,0.0,0.0,0.0,3.0,3.0,19.0,0.0,0.0,0.0,1
CIN,J.Shipley,2010,22.0,34.0,195.0,1.0,2.0,26.0,7.0,25.0,32.0,267.0,3.0,4.0,55.0,8.0
BAL,L.Mc,2010,9.0,10.0,68.0,0.0,0.0,0.0,5.0,12.0,16.0,66.0,0.0,0.0,0.0,8.0
DEN,D.Gronkowski,2010,2.0,5.0,15.0,0.0,1.0,0.0,5.0,6.0,6.0,49.0,0.0,1.0,0.0,4.0
